id,text,sentiment,intent,ambiguous,annotation_notes
1,"Me ani agye paa wɔ adwuma no ho.",Positive,Feedback,No,"Clear positive satisfaction."
2,"Mepɛ sɛ mehu nneɛma yi bo.",Neutral,Pricing,No,"The message is asking for a price."
3,"Mepɛ sɛ metɔ bi.",Neutral,Purchase,No,"Clear purchase intention without emotional language."
4,"Ɛda bɛn na mobɛfa de no aba?",Neutral,Delivery,No,"The user is asking about delivery timing."
5,"M’ani nnye sɛnea wɔde me nneɛma no bae.",Negative,Complaint,No,"The user expresses dissatisfaction with delivery or item condition."
6,"Yɛda mo ase, mo adwuma yɛ fɛ.",Positive,Feedback,No,"Clear appreciation and positive feedback."
7,"Mepɛ sɛ mehu sɛ nneɛma no wɔ hɔ anaa.",Neutral,Information Request,No,"The user is requesting availability information."
8,"M’ani nnye adwuma a moayɛ no ho.",Negative,Complaint,No,"Clear dissatisfaction with the service."
9,"Mepɛ sɛ mekansɛl me order no.",Neutral,Cancellation,No,"The user wants to cancel an order."
10,"Mepɛ sɛ mehu sɛ mobɛtumi de nneɛma no aba ɔkyena.",Neutral,Delivery,No,"The user is asking whether delivery can happen tomorrow."
11,"Nneɛma no yɛ fɛ paa.",Positive,Feedback,No,"Positive evaluation of the product."
12,"Mepɛ sɛ mehu sɛnea mɛtua ka.",Neutral,Information Request,No,"The user is asking about the payment process."
13,"M’ani nnye sɛ nneɛma no akɔ akyiri saa.",Negative,Complaint,No,"The user expresses dissatisfaction about a delay."
14,"Mepɛ sɛ meyɛ order foforo.",Neutral,Purchase,No,"The user indicates an intention to place a new order."
15,"Ɛyɛ fɛ, nanso mepɛ sɛ mo sesa ne kɛse.",Positive,Feedback,No,"Positive evaluation combined with a requested change."
16,"Mepɛ sɛ mehu sɛ mowɔ kɛse foforo bi.",Neutral,Information Request,No,"The user is asking about another available size."
17,"M’ani agye sɛ moaboa me.",Positive,Feedback,No,"The user expresses appreciation for assistance."
18,"Mepɛ sɛ mehu ne bo ansa na matɔ.",Neutral,Pricing,No,"The user wants the price before purchasing."
19,"Nneɛma no nnya mmae.",Negative,Delivery,No,"The user reports that the delivery has not arrived."
20,"Ɛyɛ dɛn na nneɛma no bo yɛ saa?",Neutral,Pricing,Yes,"The message could be interpreted as a price question or a complaint about the price; pricing is selected as the primary intent."
